{"cameraMode":{"drawMode":0,"name":"Shaded","section":"Shading Mode"},"sceneLighting":true,"audioPlay":false,"sceneViewState":{"showFog":true,"showMaterialUpdate":false,"showSkybox":true,"showFlares":true,"showImageEffects":true,"showParticleSystems":true},"in2DMode":false,"pivot":{"x":-10.930000305175782,"y":1.0199999809265137,"z":17.96139144897461},"rotation":{"x":-0.23177021741867066,"y":0.7149541974067688,"z":-0.2767367660999298,"w":-0.5987821817398071},"size":7.764614582061768,"orthographic":false}